Time (s),L_Position_X,R_Position_X,L_Position_Z,R_Position_Z,Reps,Status,Summary
2.00004,0.226722879,0.224669907,0.074348723,0.067518731,0,0,
2.033374,0.226162718,0.222633549,0.079002028,0.072546778,0,0,
2.066708,0.22440711,0.217801821,0.083962905,0.077434906,0,0,
2.100042,0.2201306,0.208646939,0.089472383,0.082310241,0,0,
2.133376,0.212170028,0.195039867,0.09548365,0.087230268,0,0,
2.16671,0.201229562,0.179745421,0.101621915,0.09215431,0,0,
2.200044,0.191075209,0.167865902,0.107286518,0.096942649,0,0,
2.233378,0.186865431,0.163547055,0.111851516,0.101387465,0,0,
2.266712,0.191075209,0.16684829,0.114872079,0.105263003,0,0,
2.300046,0.201229562,0.17442306,0.116207326,0.108373808,0,0,
2.33338,0.212170028,0.183098937,0.116016367,0.11058499,0,0,
2.366714,0.2201306,0.191827289,0.114648303,0.111831231,0,0,
2.400048,0.22440711,0.200404501,0.11249344,0.112111256,0,0,
2.433382,0.226162718,0.207907218,0.109866578,0.111477187,0,0,
2.466716,0.226722879,0.213166991,0.106960985,0.110026501,0,0,
2.50005,0.226863127,0.21609432,0.103869875,0.107898778,0,0,
2.533384,0.226890843,0.217802388,0.100641442,0.105268944,0,0,
2.566718,0.226895184,0.219473124,0.097325887,0.102323745,0,0,
2.600052,0.226895724,0.221423232,0.093988839,0.09922038,0,0,
2.633386,0.226895777,0.223248618,0.090690007,0.096044881,0,0,
2.66672,0.226895782,0.224529396,0.087443091,0.092792994,0,0,
2.700054,0.226895783,0.225215066,0.08418082,0.089384968,0,0,
2.733388,0.226895793,0.225522478,0.080750351,0.085709348,0,0,
2.766722,0.226895877,0.225728389,0.076953044,0.081676954,0,0,
2.800056,0.226896413,0.226118849,0.072617023,0.077259534,0,0,
2.83339,0.226899124,0.227024481,0.067667369,0.072495888,0,0,
2.866724,0.226909966,0.228724287,0.062158119,0.067468113,0,0,
2.900058,0.226944072,0.231149061,0.056251579,0.062265555,0,0,
2.933392,0.227028177,0.233703502,0.050155688,0.056955015,0,0,
2.966726,0.227191406,0.235647396,0.044048807,0.051566473,0,0,
3.00006,0.227450479,0.236795676,0.038026296,0.046092401,0,0,
3.033394,0.227837482,0.237592846,0.032084177,0.040494093,0,0,
3.066728,0.228518748,0.238316781,0.02612826,0.034711707,0,0,
3.100062,0.229906734,0.238545396,0.019995578,0.02867857,0,0,
3.133396,0.232471645,0.237762945,0.013490543,0.02234001,0,0,
3.16673,0.236122999,0.236287395,0.006436874,0.015672111,0,0,
3.200064,0.239700578,0.235191532,-0.001270611,0.008689916,0,0,
3.233398,0.241447664,0.235220314,-0.009636389,0.001437077,0,0,
3.266732,0.240379845,0.235935855,-0.018565832,-0.00603794,0,0,
3.300066,0.23717004,0.236088155,-0.027889866,-0.013703661,0,0,
3.3334,0.23358222,0.234881791,-0.037401762,-0.02155329,0,0,
3.366734,0.231184376,0.232784596,-0.046904576,-0.02959737,0,0,
3.400068,0.230583812,0.231068015,-0.056267419,-0.037848431,0,0,
3.433402,0.231413094,0.230701875,-0.065471807,-0.046305293,0,0,
3.466736,0.232658602,0.231656176,-0.074618399,-0.054941995,0,0,
3.50007,0.233206761,0.23297383,-0.083879082,-0.063704821,0,0,
3.533404,0.232517229,0.233447216,-0.093410814,-0.07251916,0,0,
3.566738,0.23091944,0.232487748,-0.103271358,-0.081302853,0,0,
3.600072,0.229204484,0.230508756,-0.113376921,-0.089976088,0,0,
3.633406,0.227961424,0.228466312,-0.123518109,-0.098457869,0,0,
3.66674,0.227314613,0.227093336,-0.133417898,-0.106652976,0,0,
3.700074,0.227132886,0.226586232,-0.142797289,-0.114449698,0,0,
3.733408,0.22733782,0.226815673,-0.151422334,-0.121742446,0,0,
3.766742,0.228028875,0.227622645,-0.159125162,-0.128465689,0,0,
3.800076,0.229351819,0.228890709,-0.16580181,-0.134609517,0,0,
3.83341,0.231175271,0.230389425,-0.17139524,-0.14020241,0,0,
3.866744,0.232868248,0.231612508,-0.175879598,-0.145276035,0,0,
3.900078,0.233570147,0.231934515,-0.179258174,-0.149838851,0,0,
3.933412,0.232868239,0.231092055,-0.181570173,-0.153872724,0,0,
3.966746,0.231175177,0.229470875,-0.182893056,-0.157349618,0,0,
4.00008,0.229351045,0.227802704,-0.183334984,-0.160256053,0,0,
4.033414,0.228023759,0.226608645,-0.183018478,-0.162608623,0,0,
4.066748,0.227310739,0.225971611,-0.182057541,-0.164448819,0,0,
4.100082,0.227018154,0.225710964,-0.180534619,-0.165819853,0,0,
4.133416,0.226925823,0.225628311,-0.17848754,-0.166738417,0,0,
4.16675,0.226909247,0.225610105,-0.175912427,-0.167174667,0,0,
4.200084,0.226939073,0.225619028,-0.172779925,-0.167049,0,0,
4.233418,0.227075933,0.225670419,-0.169056371,-0.166246438,0,0,
4.266752,0.227507047,0.225833418,-0.164722294,-0.164642769,0,0,
4.300086,0.228557415,0.226230657,-0.159786731,-0.162138113,0,0,
4.33342,0.230512653,0.226970118,-0.154302512,-0.158696353,0,0,
4.366754,0.233199799,0.227986384,-0.14838588,-0.154380883,0,0,
4.400088,0.235693863,0.228929645,-0.142227202,-0.149364254,0,0,
4.433422,0.236727849,0.22932089,-0.136062447,-0.143889311,0,0,
4.466756,0.235693863,0.228931422,-0.130085817,-0.138181619,0,0,
4.50009,0.233199797,0.227998268,-0.124326608,-0.132345942,0,0,
4.533424,0.230512633,0.227033054,-0.118552316,-0.126295956,0,0,
4.566758,0.228557214,0.22649749,-0.112256981,-0.119751712,0,0,
4.600092,0.227505389,0.226739279,-0.104752685,-0.1123071,0,0,
4.633426,0.227064932,0.228132838,-0.095336672,-0.103541085,0,0,
4.66676,0.226880529,0.230978431,-0.083478391,-0.093130762,0,0,
4.700094,0.226659081,0.234947703,-0.068962562,-0.080923743,0,0,
4.733428,0.226066193,0.238641285,-0.051935583,-0.0669437,0,0,
4.766762,0.224637486,0.240173229,-0.032836074,-0.051333498,0,0,
4.800096,0.221979849,0.238640832,-0.012241758,-0.034272966,0,0,
4.83343,0.218327544,0.234944675,0.009295283,-0.015918791,0,0,
4.866764,0.214937682,0.230962423,0.031358011,0.0036106,0,0,
4.900098,0.213532318,0.228065186,0.053691665,0.024213566,0,0,
4.933432,0.214937682,0.226511035,0.07616018,0.045763122,0,0,
4.966766,0.218327543,0.225884579,0.098662141,0.068055191,0,0,
5.0001,0.221979835,0.225730929,0.121038365,0.090758315,0,0,
5.033434,0.224637339,0.225837361,0.142992703,0.113376019,0,0,
5.066768,0.22606498,0.226210883,0.164040396,0.135231288,0,0,
5.100102,0.22665106,0.226923382,0.18350839,0.155489323,0,0,
5.133436,0.226838061,0.227904567,0.200615976,0.173245647,0,0,
5.16677,0.22688488,0.228815413,0.214629915,0.187691044,0,0,
5.200104,0.226894133,0.229193037,0.225039828,0.198310404,0,0,
5.233438,0.226895582,0.228815411,0.23168605,0.205027113,0,0,
5.266772,0.226895762,0.227904546,0.23479471,0.20822087,0,0,
5.300106,0.22689578,0.226923165,0.234911313,0.208611098,0,0,
5.33344,0.226895782,0.226209086,0.23276488,0.207057521,0,0,
5.366774,0.226895782,0.225825474,0.229116782,0.204353098,0,0,
5.400108,0.226895782,0.225667993,0.224632203,0.201074095,0,0,
5.433442,0.226895782,0.225617745,0.219784702,0.197521195,0,0,
5.466776,0.226895782,0.225605165,0.214802459,0.193749503,0,0,
5.50011,0.226895782,0.225602679,0.209677632,0.189659594,0,0,
5.533444,0.226895786,0.225602289,0.20425082,0.18511258,0,0,
5.566778,0.226895831,0.225602241,0.198344491,0.180032495,0,0,
5.600112,0.226896188,0.225602236,0.191888051,0.174465992,0,0,
5.633446,0.226898468,0.225602236,0.184982178,0.16858609,0,0,
5.66678,0.226910007,0.225602236,0.177880095,0.162646613,0,0,
5.700114,0.226956092,0.225602236,0.170896955,0.156906974,0,0,
5.733448,0.227100529,0.225602236,0.164288195,0.151554742,0,0,
5.766782,0.227452365,0.225602236,0.158154492,0.146654955,0,0,
5.800116,0.228107296,0.225602236,0.152418943,0.142144255,0,0,
5.83345,0.229007388,0.225602237,0.146884348,0.137868971,0,0,
5.866784,0.229842805,0.225602248,0.141338014,0.133649329,0,0,
5.900118,0.230189151,0.225602334,0.135648691,0.129342277,0,0,
5.933452,0.229842805,0.225602886,0.129805271,0.124875899,0,0,
5.966786,0.229007388,0.22560568,0.123880481,0.120240853,0,0,
6.00012,0.228107296,0.22561684,0.117947264,0.115444879,0,0,
6.033454,0.227452365,0.225651816,0.111999598,0.110454226,0,0,
6.066788,0.227100529,0.225737016,0.105919158,0.105154193,0,0,
6.100122,0.226956092,0.225895611,0.099499438,0.099356603,0,0,
6.133456,0.226910007,0.226113579,0.09251209,0.092859852,0,0,
6.16679,0.226898468,0.226315932,0.08478436,0.085533727,1,0,
6.200124,0.226896188,0.226400224,0.07625085,0.077380029,1,0,
6.233458,0.226895831,0.226319051,0.066952934,0.068529802,1,0,
6.266792,0.226895786,0.226130396,0.056986793,0.059175795,1,0,
6.300126,0.226895781,0.225966934,0.046432478,0.049480361,1,0,
6.33346,0.226895774,0.225979117,0.035310046,0.039513867,1,0,
6.366794,0.2268957,0.22630967,0.023589772,0.029257468,1,0,
6.400128,0.22689511,0.227046992,0.011244519,0.018663955,1,0,
6.433462,0.226891341,0.228088849,-0.001693092,0.007736217,1,0,
6.466796,0.226872267,0.229028147,-0.015101742,-0.00342593,1,0,
6.50013,0.226796084,0.229293241,-0.028780936,-0.014636788,1,0,
6.533464,0.22655732,0.228532845,-0.042487644,-0.025681899,1,0,
6.566798,0.22597571,0.226892,-0.055981025,-0.036385589,1,0,
6.600132,0.224893065,0.22493031,-0.069061827,-0.046656876,1,0,
6.633466,0.223405151,0.223323032,-0.08160044,-0.056499771,1,0,
6.6668,0.222024149,0.222561701,-0.093547808,-0.06599046,1,0,
6.700134,0.221451615,0.222736101,-0.104923015,-0.075233532,1,0,
6.733468,0.222024149,0.223514304,-0.115781072,-0.084314399,1,0,
6.766802,0.223405151,0.224397829,-0.126175931,-0.093266832,1,0,
6.800136,0.22489307,0.225047938,-0.136133633,-0.102067658,1,0,
6.83347,0.225975762,0.225398211,-0.145640828,-0.110654079,1,0,
6.866804,0.22655775,0.225542126,-0.154644643,-0.118947763,1,0,
6.900138,0.226798929,0.225588057,-0.163059841,-0.12687353,1,0,
6.933472,0.226887327,0.225599558,-0.170786033,-0.134369788,1,0,
6.966806,0.226955194,0.225601832,-0.177735131,-0.141392768,1,0,
7.00014,0.227111892,0.225602209,-0.183855078,-0.147915719,1,0,
7.033474,0.227485056,0.225602465,-0.189131363,-0.15392203,1,0,
7.066808,0.228179104,0.225604166,-0.193565809,-0.159394035,1,0,
7.100142,0.229135737,0.225615009,-0.197153133,-0.164304197,1,0,
7.133476,0.230038767,0.225669938,-0.1998736,-0.16861395,1,0,
7.16681,0.23047951,0.225889721,-0.201700689,-0.172279927,1,0,
7.200144,0.230344911,0.22658057,-0.202613623,-0.175265319,1,0,
7.233478,0.230025777,0.228271719,-0.20261324,-0.177556753,1,0,
7.266812,0.230125203,0.231446836,-0.201745457,-0.179186589,1,0,
7.300146,0.230878131,0.235881638,-0.200126557,-0.180249036,1,0,
7.33348,0.231848033,0.240151977,-0.19795139,-0.180887344,1,0,
7.366814,0.232251644,0.242227135,-0.195466346,-0.181241581,1,0,
7.400148,0.23164632,0.241033196,-0.192907708,-0.181378552,1,0,
7.433482,0.230291699,0.237430201,-0.190428328,-0.18124421,1,0,
7.466816,0.228842956,0.23349124,-0.188040502,-0.180665675,1,0,
7.50015,0.227790191,0.230914817,-0.185593582,-0.179400479,1,0,
7.533484,0.227224797,0.230090501,-0.182799212,-0.177211212,1,0,
7.566818,0.226992774,0.230273034,-0.17930729,-0.17394132,1,0,
7.600152,0.226919311,0.230377115,-0.174809344,-0.169569011,1,0,
7.633486,0.22690454,0.229770386,-0.16912184,-0.164215464,1,0,
7.66682,0.22691995,0.228566352,-0.162208151,-0.158094747,1,0,
7.700154,0.226995558,0.227287071,-0.154134187,-0.151420424,1,0,
7.733488,0.227234251,0.226310147,-0.144989649,-0.144308326,1,0,
7.766822,0.227815854,0.225584238,-0.134819714,-0.136719926,1,0,
7.800156,0.228898499,0.224651925,-0.123600557,-0.12847402,1,0,
7.83349,0.230386413,0.222809201,-0.111265805,-0.119320531,1,0,
7.866824,0.231767415,0.219483036,-0.097761094,-0.109037673,1,0,
7.900158,0.232339956,0.214930801,-0.083089906,-0.097507741,1,0,
7.933492,0.231767492,0.210708125,-0.067327628,-0.084748019,1,0,
7.966826,0.230387053,0.208957638,-0.050607366,-0.070896009,1,0,
8.00016,0.228902731,0.210708056,-0.033095817,-0.056160014,1,0,
8.033494,0.227838265,0.214930232,-0.014975285,-0.040758471,1,0,
8.066828,0.227329263,0.219479276,0.003559809,-0.024879014,1,0,
8.100162,0.227318059,0.222789304,0.022293386,-0.008669114,1,0,
8.133496,0.227796196,0.224567677,0.040979823,0.007761042,1,0,
8.16683,0.228808969,0.225298948,0.059358122,0.024345596,1,0,
8.200164,0.23022331,0.225538404,0.077195162,0.041073993,1,0,
8.233498,0.231539029,0.225622979,0.094338622,0.057977431,1,0,
8.266832,0.232085315,0.225717893,0.110742773,0.075071016,1,0,
8.300166,0.231543129,0.225929868,0.126443106,0.092265085,1,0,
8.3335,0.230240868,0.226357732,0.141485212,0.109290779,1,0,
8.366834,0.228866465,0.227096379,0.155827508,0.125686549,1,0,
8.400168,0.227941054,0.228289468,0.169244994,0.14085747,1,0,
8.433502,0.22758486,0.230241641,0.181282926,0.154179606,1,0,
8.466836,0.227629589,0.233315629,0.191316835,0.165112763,1,0,
8.50017,0.227809714,0.237337507,0.198729518,0.173300153,1,0,
8.533504,0.227896397,0.241001729,0.203136912,0.178641117,1,0,
8.566838,0.227788737,0.242371356,0.204551576,0.181318367,1,0,
8.600172,0.22753996,0.240485778,0.203402932,0.181764617,1,0,
8.633506,0.22729042,0.236366015,0.200406967,0.180571608,1,0,
8.66684,0.227183428,0.232169235,0.19634464,0.178364847,1,0,
8.700174,0.227362637,0.229493996,0.191842653,0.175678144,1,0,
8.733508,0.228014748,0.228562078,0.187244179,0.172862042,1,0,
8.766842,0.229296024,0.228607312,0.182613128,0.170054013,1,0,
8.800176,0.23107259,0.228694993,0.177852504,0.167222219,1,0,
8.83351,0.232724054,0.228319606,0.172865178,0.164264328,1,0,
8.866844,0.233408894,0.227541709,0.167671429,0.161112444,1,0,
8.900178,0.232723933,0.226714072,0.162429025,0.157789683,1,0,
8.933512,0.231071778,0.226112937,0.157359009,0.154391842,1,0,
8.966846,0.22929172,0.225790098,0.152630999,0.151012467,1,0,
9.00018,0.227996504,0.225657572,0.148279151,0.1476628,1,0,
9.033514,0.227300698,0.225615287,0.144196354,0.144240977,1,0,
9.066848,0.227015054,0.225604701,0.140204821,0.140576278,1,0,
9.100182,0.226923914,0.225602608,0.13615553,0.136526892,1,0,
9.133516,0.226901095,0.225602281,0.131996504,0.132071822,1,0,
9.16685,0.226896585,0.22560224,0.127776944,0.127339951,1,0,
9.200184,0.226895881,0.225602236,0.123595911,0.122560655,1,0,
9.233518,0.226895812,0.225602236,0.119530344,0.117965932,1,0,
9.266852,0.226895957,0.225602236,0.115579819,0.113694794,1,0,
9.300186,0.226896938,0.225602236,0.11165266,0.10974339,1,0,
9.33352,0.226901906,0.225602236,0.107597,0.105977199,1,0,
9.366854,0.226921754,0.225602236,0.103259054,0.102188929,1,0,
9.400188,0.226984033,0.225602236,0.098538797,0.098167145,2,0,
9.433522,0.227136317,0.225602236,0.093415255,0.093746004,2,0,
9.466856,0.227423554,0.225602237,0.087928572,0.088825947,2,0,
9.50019,0.2278379,0.225602253,0.082128816,0.083372433,2,0,
9.533524,0.228304916,0.225602376,0.07602109,0.077405547,2,0,
9.566858,0.228790609,0.225603164,0.069540554,0.070988506,2,0,
9.600192,0.229461459,0.225607152,0.06257388,0.064214717,2,0,
9.633526,0.23062813,0.225623079,0.055013745,0.057187428,2,0,
9.66686,0.232338299,0.225673004,0.046810985,0.049986524,2,0,
9.700194,0.234003278,0.225794683,0.037992018,0.042627555,2,0,
9.733528,0.23465897,0.226021605,0.028634426,0.035033962,2,0,
9.766862,0.233789651,0.226335657,0.018821606,0.02704566,2,0,
9.800196,0.23182291,0.226636344,0.008608208,0.018468064,2,0,
9.83353,0.229720319,0.226793602,-0.001985844,0.009143194,2,0,
9.866864,0.22819305,0.226765428,-0.012959673,-0.000986135,2,0,
9.900198,0.227372958,0.226647079,-0.024314068,-0.011848324,2,0,
9.933532,0.227036335,0.226570148,-0.036046034,-0.023267036,2,0,
9.966866,0.226928933,0.226561116,-0.048152629,-0.03502374,2,0,
10.0002,0.226902043,0.226529617,-0.060629556,-0.046921883,2,0,
10.033534,0.226896732,0.226389616,-0.073451672,-0.058822345,2,0,
10.066868,0.226895934,0.226156393,-0.086536629,-0.07064418,2,0,
10.100202,0.226896103,0.225918286,-0.099711269,-0.082339815,2,0,
10.133536,0.226897833,0.225747147,-0.112709862,-0.093859173,2,0,
10.16687,0.226906641,0.225655509,-0.125219818,-0.105122864,2,0,
10.200204,0.226941821,0.225617924,-0.136958039,-0.116021292,2,0,
10.233538,0.227052079,0.225605936,-0.147738687,-0.126436427,2,0,
10.266872,0.227320659,0.225602934,-0.157500733,-0.136263834,2,0,
10.300206,0.227820611,0.225602341,-0.166286144,-0.145415457,2,0,
10.33354,0.228507711,0.225602248,-0.174179689,-0.153806047,2,0,
10.366874,0.229145441,0.225602237,-0.181243016,-0.161346007,2,0,
10.400208,0.22940983,0.225602236,-0.187487395,-0.167959358,2,0,
10.433542,0.229145441,0.225602236,-0.192901474,-0.173617593,2,0,
10.466876,0.228507711,0.225602236,-0.197493641,-0.178355193,2,0,
10.50021,0.227820611,0.225602245,-0.201291317,-0.182240077,2,0,
10.533544,0.227320659,0.22560233,-0.204295046,-0.185312245,2,0,
10.566878,0.227052079,0.225603013,-0.206444438,-0.187540443,2,0,
10.600212,0.226941821,0.225607373,-0.207642716,-0.188841051,2,0,
10.633546,0.226906641,0.225629436,-0.207832383,-0.1891552,2,0,
10.66688,0.226897833,0.225717558,-0.207074728,-0.188530051,2,0,
10.700214,0.226896092,0.225993742,-0.205575667,-0.187140791,2,0,
10.733548,0.226895819,0.226666504,-0.203622112,-0.185226857,2,0,
10.766882,0.226895785,0.227918826,-0.201446809,-0.182970367,2,0,
10.800216,0.226895782,0.229639934,-0.199097041,-0.180387203,2,0,
10.83355,0.226895782,0.231237391,-0.196395711,-0.177307673,2,0,
10.866884,0.226895783,0.231899851,-0.193028983,-0.173475136,2,0,
10.900218,0.226895802,0.231239166,-0.18870575,-0.168708474,2,0,
10.933552,0.226895991,0.229651805,-0.183280412,-0.163019912,2,0,
10.966886,0.226897508,0.227981692,-0.176759002,-0.156601832,2,0,
11.00022,0.226907195,0.22693304,-0.169198484,-0.149686865,2,0,
11.033554,0.226956211,0.226898604,-0.160583954,-0.14238016,2,0,
11.066888,0.227151986,0.228177324,-0.150773369,-0.134582191,2,0,
11.100222,0.227765568,0.230983603,-0.139548346,-0.126046477,2,0,
11.133556,0.229260201,0.234939404,-0.126745297,-0.116517867,2,0,
11.16689,0.23204242,0.238627073,-0.11239278,-0.105855147,2,0,
11.200224,0.235866225,0.24015693,-0.096770633,-0.094072317,2,0,
11.233558,0.239416218,0.238625553,-0.080345606,-0.081295035,2,0,
11.266892,0.24089435,0.23493021,-0.063608599,-0.067676876,2,0,
11.300226,0.23945769,0.230939193,-0.046895994,-0.053329098,2,0,
11.33356,0.236047815,0.228003578,-0.030283837,-0.038292535,2,0,
11.366894,0.232662637,0.226348278,-0.013599704,-0.022550092,2,0,
11.400228,0.23095728,0.225523072,0.003461489,-0.006066953,2,0,
11.433562,0.231489634,0.225062564,0.021172944,0.011151129,2,0,
11.466896,0.233708217,0.224773189,0.039632126,0.028994616,2,0,
11.50023,0.236220244,0.224664283,0.058694202,0.047210742,2,0,
11.533564,0.237419043,0.224761533,0.078001568,0.065418031,2,0,
11.566898,0.236481893,0.224999719,0.097082559,0.083173225,2,0,
11.600232,0.233924371,0.225256537,0.115468448,0.100053671,2,0,
11.633566,0.231052576,0.225443419,0.132780627,0.11571774,2,0,
11.6669,0.228915785,0.225543827,0.148752269,0.129927543,2,0,
11.700234,0.227827146,0.225585152,0.163175204,0.14253005,2,0,
11.733568,0.227635686,0.225599054,0.175811377,0.153400952,2,0,
11.766902,0.22814811,0.225606484,0.186343477,0.162380757,2,0,
11.800236,0.229248471,0.22562584,0.194417254,0.169257503,2,0,
11.83357,0.230768703,0.225695764,0.199762561,0.173831903,2,0,
11.866904,0.232379303,0.225911705,0.202323833,0.176035568,2,0,
11.900238,0.233645535,0.226463207,0.202320687,0.176020499,2,0,
11.933572,0.2341891,0.227612155,0.200202719,0.174154705,2,0,
11.966906,0.233833891,0.229515975,0.196529072,0.170930658,2,0,
12.00024,0.232680406,0.231908736,0.191840352,0.166850124,2,0,
12.033574,0.231092837,0.233946377,0.186579453,0.162343058,2,0,
12.066908,0.229584377,0.234617189,0.181083146,0.157735505,2,0,
12.100242,0.228647003,0.23356733,0.175626779,0.153252798,2,0,
12.133576,0.228625136,0.231520489,0.170469862,0.149038179,2,0,
12.16691,0.229625942,0.229776395,0.165847776,0.145167331,2,0,
12.200244,0.231364568,0.22927503,0.161901591,0.14164777,2,0,
12.233578,0.233066428,0.230026667,0.158598226,0.13841214,2,0,
12.266912,0.233779402,0.231197434,0.155710766,0.135328728,2,0,
12.300246,0.233053665,0.231718686,0.152890606,0.132242086,2,0,
12.33358,0.23130782,0.231049756,0.149802812,0.129029815,2,0,
12.366914,0.229427127,0.229501621,0.146255825,0.125645721,2,0,
12.400248,0.228058709,0.227839002,0.142259736,0.122127142,2,0,
12.433582,0.227323582,0.226629786,0.137988442,0.118563516,2,0,
12.466916,0.227021795,0.225980232,0.133672866,0.115041543,2,0,
12.50025,0.226925504,0.225713578,0.129484725,0.111594048,2,0,
12.533584,0.226901395,0.225628497,0.125467061,0.108179176,2,0,
12.566918,0.226896631,0.225607196,0.121535886,0.104701197,2,0,
12.600252,0.226895885,0.225602986,0.117538853,0.101061234,2,0,
12.633586,0.226895792,0.225602327,0.113331397,0.09720856,3,0,
12.66692,0.226895782,0.225602244,0.108827668,0.093161966,3,0,
12.700254,0.226895782,0.225602236,0.104003931,0.088988274,3,0,
12.733588,0.226895782,0.225602236,0.098864415,0.084751009,3,0,
12.766922,0.226895782,0.225602236,0.09340161,0.080459789,3,0,
12.800256,0.226895782,0.225602236,0.087579601,0.076048272,3,0,
12.83359,0.226895782,0.225602237,0.081346058,0.0713884,3,0,
12.866924,0.226895782,0.225602249,0.074657197,0.066327723,3,0,
12.900258,0.226895782,0.225602377,0.067495801,0.060729281,3,0,
12.933592,0.226895782,0.225603401,0.059874458,0.054499129,3,0,
12.966926,0.226895782,0.225609941,0.05183154,0.04759652,3,0,
13.00026,0.226895782,0.225643033,0.04342719,0.04002977,3,0,
13.033594,0.226895785,0.225775207,0.034728629,0.031843911,3,0,
13.066928,0.226895812,0.226189455,0.025769593,0.023105082,3,0,
13.100262,0.226896035,0.227198526,0.016497553,0.013884095,3,0,
13.133596,0.226897455,0.229076877,0.00675157,0.004240345,3,0,
13.16693,0.226904644,0.231658354,-0.003697369,-0.005788676,3,0,
13.200264,0.226933356,0.234054342,-0.015055426,-0.016182183,3,0,
13.233598,0.227023341,0.235047668,-0.027414243,-0.026913565,3,0,
13.266932,0.227242538,0.234054342,-0.040708864,-0.037926209,3,0,
13.300266,0.227650566,0.231658354,-0.054738237,-0.049125928,3,0,
13.3336,0.228211341,0.229076877,-0.069222766,-0.060391816,3,0,
13.366934,0.228731907,0.227198526,-0.083865716,-0.071595086,3,0,
13.400268,0.228948438,0.226189455,-0.098399883,-0.082618013,3,0,
13.433602,0.228737482,0.225775208,-0.112614643,-0.093367987,3,0,
13.466936,0.228241403,0.225643039,-0.126359028,-0.103777668,3,0,
13.50027,0.227778064,0.225609999,-0.13951414,-0.113786457,3,0,
13.533604,0.227675381,0.225603906,-0.151945866,-0.123317993,3,0,
13.566938,0.228199977,0.225605909,-0.163475554,-0.132281295,3,0,
13.600272,0.229494517,0.225622227,-0.173901559,-0.140607427,3,0,
13.633606,0.231368425,0.22569362,-0.183063149,-0.148299922,3,0,
13.66694,0.233125676,0.225940173,-0.190902288,-0.155458191,3,0,
13.700274,0.23384584,0.226610728,-0.197485469,-0.162248113,3,0,
13.733608,0.233059777,0.228019174,-0.202982003,-0.168829344,3,0,
13.766942,0.231079354,0.23020081,-0.207615412,-0.175273851,3,0,
13.800276,0.228504901,0.232358543,-0.211603238,-0.181510461,3,0,
13.83361,0.225484337,0.232695619,-0.215098219,-0.187317578,3,0,
13.866944,0.221695153,0.229361026,-0.218146705,-0.192372214,3,0,
13.900278,0.217204432,0.222236913,-0.220679411,-0.196344502,3,0,
13.933612,0.213222365,0.213897732,-0.222537851,-0.199001596,3,0,
13.966946,0.211587483,0.208253561,-0.22351991,-0.200268652,3,0,
14.00028,0.213193152,0.207698444,-0.223415919,-0.200207353,3,0,
14.033614,0.217077038,0.211482236,-0.222020964,-0.198922274,3,0,
14.066948,0.221262319,0.216812555,-0.219143398,-0.19646503,3,0,
14.100282,0.2243077,0.221223191,-0.21464207,-0.192815023,3,0,
14.133616,0.225943718,0.223844636,-0.208488391,-0.187947664,3,0,
14.16695,0.226615341,0.225032169,-0.200800785,-0.181916357,3,0,
14.200284,0.226829636,0.225453796,-0.191799371,-0.174860292,3,0,
14.233618,0.226883289,0.225579274,-0.181688738,-0.166922161,3,0,
14.266952,0.226893892,0.225643954,-0.170543829,-0.15814431,3,0,
14.300286,0.226895553,0.225801647,-0.158283445,-0.148426347,3,0,
14.33362,0.22689576,0.226281673,-0.144755048,-0.137572224,3,0,
14.366954,0.22689578,0.227448915,-0.129875252,-0.125394461,3,0,
14.400288,0.226895783,0.229618448,-0.113734298,-0.111819263,3,0,
14.433622,0.226895794,0.232583922,-0.096601753,-0.096944146,3,0,
14.466956,0.226895907,0.235268244,-0.078837577,-0.081022956,3,0,
14.50029,0.226896814,0.236139939,-0.060766997,-0.064383623,3,0,
14.533624,0.226902605,0.234313291,-0.042587423,-0.047317264,3,0,
14.566958,0.226931912,0.230280041,-0.024347997,-0.029996294,3,0,
14.600292,0.227048964,0.225560364,-0.006002436,-0.012462562,3,0,
14.633626,0.22741582,0.221778901,0.012497838,0.005317048,3,0,
14.66696,0.228309455,0.219944595,0.031120782,0.023366911,3,0,
14.700294,0.229972984,0.22013162,0.049726112,0.041638037,3,0,
14.733628,0.232259709,0.221586198,0.068106374,0.059990202,3,0,
14.766962,0.234385313,0.223279899,0.086063202,0.07821811,3,0,
14.800296,0.235283876,0.224532579,0.103457907,0.096093383,3,0,
14.83363,0.2344796,0.225208414,0.120193466,0.113385511,3,0,
14.866964,0.232594062,0.225486199,0.136132309,0.129840865,3,0,
14.900298,0.230883616,0.225574866,0.150997495,0.14513065,3,0,
14.933632,0.230291818,0.225597085,0.164322499,0.158805974,3,0,
14.966966,0.230871243,0.225601645,0.175499629,0.170311447,3,0,
15.0003,0.231873563,0.225603724,0.183934216,0.179095708,3,0,
15.033634,0.232337412,0.225612714,0.189255651,0.184800316,3,0,
15.066968,0.231813211,0.225657911,0.191489925,0.18743439,3,0,
15.100302,0.230727299,0.225839159,0.19109743,0.187424946,3,0,
15.133636,0.23015258,0.226410715,0.188844446,0.185501812,3,0,
15.16697,0.231270636,0.227816027,0.185569443,0.182473031,3,0,
15.200304,0.234771181,0.230471163,0.181954052,0.178997963,3,0,
15.233638,0.240137093,0.234215742,0.178387909,0.175452205,3,0,
15.266972,0.245262469,0.237884977,0.174962393,0.171925942,3,0,
15.300306,0.247407005,0.239765443,0.171576749,0.168334408,3,0,
15.33364,0.245287048,0.238876978,0.168098288,0.164570486,3,0,
15.366974,0.240244276,0.235820916,0.164497151,0.160618546,3,0,
15.400308,0.235135359,0.232251394,0.160891776,0.156581788,3,0,
15.433642,0.232260748,0.229632335,0.157486923,0.152627916,3,0,
15.466976,0.232308468,0.228550106,0.154441936,0.148895963,3,0,
15.50031,0.234488377,0.228889802,0.15175228,0.145418517,3,0,
15.533644,0.237075097,0.230259798,0.149228183,0.142102412,3,0,
15.566978,0.238250953,0.232115285,0.146591341,0.138777735,3,0,
15.600312,0.23721225,0.23366203,0.143625427,0.135281296,3,0,
15.633646,0.234651719,0.234037369,0.140281479,0.131520093,3,0,
15.66698,0.231982657,0.232890096,0.136678578,0.127481238,3,0,
15.700314,0.2301228,0.230728709,0.133007409,0.123193541,3,0,
15.733648,0.229082151,0.228515415,0.129391216,0.118670206,3,0,
15.766982,0.228453481,0.226933961,0.12577655,0.113865309,3,0,
15.800316,0.227984074,0.22609088,0.121914761,0.108667942,3,0,
15.83365,0.22769492,0.225745982,0.117448315,0.102939837,3,0,
15.866984,0.227681123,0.225636117,0.112052994,0.096577157,3,0,
15.900318,0.227917996,0.225608632,0.105555809,0.089559799,3,0,
15.933652,0.228219239,0.225603203,0.09797492,0.081959443,3,0,
15.966986,0.228340369,0.225602353,0.089484863,0.073906627,4,0,
16.00032,0.228128439,0.225602247,0.080346859,0.065539641,4,0,
16.033654,0.227543043,0.225602237,0.070836435,0.056956294,4,0,
16.066988,0.226468305,0.225602236,0.061174915,0.048179081,4,0,
16.100322,0.224528061,0.225602236,0.051468271,0.039143676,4,0,
16.133656,0.221298463,0.225602236,0.041678248,0.029722687,4,0,
16.16699,0.217009308,0.225602236,0.031658356,0.01978601,4,0,
16.200324,0.2130671,0.225602236,0.021250777,0.009275046,4,0,
16.233658,0.211436078,0.225602236,0.010382129,-0.001751217,4,0,
16.266992,0.213061012,0.225602236,-0.000916615,-0.013129426,4,0,
16.300326,0.216982762,0.225602236,-0.012576765,-0.02465543,4,0,
16.33366,0.221208269,0.225602236,-0.024573524,-0.036153153,4,0,
16.366994,0.224282872,0.225602236,-0.036936065,-0.047503019,4,0,
16.400328,0.225934584,0.225602236,-0.049668205,-0.058620628,4,0,
16.433662,0.226612651,0.225602236,-0.062646951,-0.069416725,4,0,
16.466996,0.226829002,0.225602236,-0.075587642,-0.079777405,4,0,
16.50033,0.226883169,0.225602236,-0.088107671,-0.089580807,4,0,
16.533664,0.226893874,0.225602236,-0.099846358,-0.09874011,4,0,
16.566998,0.226895552,0.225602236,-0.110570645,-0.107246839,4,0,
16.600332,0.226895769,0.225602237,-0.120222991,-0.115187178,4,0,
16.633666,0.226895884,0.225602247,-0.128909185,-0.122719102,4,0,
16.667,0.226896645,0.225602355,-0.136845052,-0.130019589,4,0,
16.700334,0.226901488,0.225603217,-0.144283235,-0.137224132,4,0,
16.733668,0.226925998,0.225608727,-0.151438057,-0.144381889,4,0,
16.767002,0.227023891,0.225636605,-0.158427077,-0.151443175,4,0,
16.800336,0.227330698,0.225747955,-0.165250855,-0.158283271,4,0,
16.83367,0.228078063,0.226096946,-0.171821784,-0.164750222,4,0,
16.867004,0.229469342,0.22694714,-0.178025341,-0.170711615,4,0,
16.900338,0.231382127,0.228530415,-0.183776144,-0.176077316,4,0,
16.933672,0.233162115,0.230710783,-0.189038369,-0.180795229,4,0,
16.967006,0.233925302,0.232758136,-0.193809443,-0.184836925,4,0,
17.00034,0.233299425,0.233712522,-0.198091194,-0.188190016,4,0,
17.033674,0.231869048,0.233253426,-0.201871977,-0.190858298,4,0,
17.067008,0.230795512,0.232185092,-0.205114762,-0.192853757,4,0,
17.100342,0.230965122,0.231856497,-0.207720592,-0.194158574,4,0,
17.133676,0.232363899,0.232971366,-0.209460818,-0.194656527,4,0,
17.16701,0.234056247,0.234897627,-0.209936776,-0.194081967,4,0,
17.200344,0.234826463,0.236131387,-0.208649696,-0.192061097,4,0,
17.233678,0.234147637,0.235541377,-0.205189052,-0.188267295,4,0,
17.267012,0.232687979,0.23325667,-0.199432441,-0.182608467,4,0,
17.300346,0.231847784,0.230395036,-0.191615504,-0.175314909,4,0,
17.33368,0.232717093,0.228066418,-0.182216486,-0.166857054,4,0,
17.367014,0.235219353,0.226713412,-0.171726527,-0.157736943,4,0,
17.400348,0.237982307,0.226187825,-0.160442034,-0.148271306,4,0,
17.433682,0.239195835,0.226135346,-0.148384971,-0.138476845,4,0,
17.467016,0.238034958,0.226241168,-0.135368279,-0.128102361,4,0,
17.50035,0.235397382,0.226297907,-0.121144799,-0.116774609,4,0,
17.533684,0.233166483,0.226222153,-0.105553185,-0.10417486,4,0,
17.567018,0.232721667,0.226046123,-0.088599435,-0.090161243,4,0,
17.600352,0.233996843,0.225856885,-0.070456959,-0.074794888,4,0,
17.633686,0.23574279,0.225719222,-0.051406134,-0.058285789,4,0,
17.66702,0.236838667,0.225645271,-0.031756756,-0.040909518,4,0,
17.700354,0.237538191,0.225614912,-0.011795752,-0.022940406,4,0,
17.733688,0.239078181,0.225605226,0.008226431,-0.004613781,4,0,
17.767022,0.241875134,0.225602805,0.028092688,0.013894237,4,0,
17.800356,0.244846265,0.225602367,0.047624831,0.03247331,4,0,
17.83369,0.246812249,0.225602627,0.066691212,0.051059228,4,0,
17.867024,0.246984527,0.22560476,0.085188434,0.069582329,4,0,
17.900358,0.242431998,0.225615638,0.102994783,0.08790026,4,0,
17.933692,0.226727225,0.225659375,0.119930057,0.105745287,4,0,
17.967026,0.195482015,0.225798329,0.135747545,0.122717086,4,0,
18.00036,0.154840119,0.226147057,0.150143835,0.138335233,4,2,
18.033694,0.120539233,0.226842938,0.162760729,0.152130559,4,2,
18.067028,0.105004342,0.227976668,0.173187741,0.163729262,4,2,
18.100362,0.107602735,0.22959133,0.181007924,0.1728944,4,2,
18.133696,0.11974319,0.231818569,0.18590671,0.179521474,4,2,
18.16703,0.135253786,0.23488464,0.187796156,0.183611014,4,2,
18.200364,0.15176157,0.238616292,0.186877962,0.185249178,4,2,
18.233698,0.165937354,0.241841499,0.183610016,0.184613025,4,2,
18.267032,0.173737622,0.242788432,0.178602973,0.181990234,4,2,
18.300366,0.175403179,0.240579519,0.172506023,0.17778767,4,2,
18.3337,0.176282979,0.236180279,0.165928104,0.172509376,4,2,
18.367034,0.181472552,0.23157708,0.159395208,0.166700211,4,2,
18.400368,0.191316698,0.228189823,0.153313072,0.160865092,4,0,
18.433702,0.20257548,0.226230885,0.147920323,0.155384742,4,0,
18.467036,0.212218547,0.225227169,0.143254022,0.150455866,4,0,
18.50037,0.219223769,0.224732307,0.139162082,0.146079738,4,0,
18.533704,0.224007617,0.224564681,0.13537348,0.142106436,4,0,
18.567038,0.227411451,0.224663911,0.131602794,0.138318381,4,0,
18.600372,0.230068897,0.224928709,0.127650159,0.134519332,4,0,
18.633706,0.232099812,0.22521569,0.123462528,0.130595466,4,0,
18.66704,0.233274443,0.225424643,0.119133589,0.126531319,4,0,
18.700374,0.23359897,0.225536905,0.114841121,0.122383534,4,0,
18.733708,0.233683832,0.225582992,0.110751884,0.118232088,4,0,
18.767042,0.234373423,0.225597697,0.106942635,0.114135798,4,0,
18.800376,0.235930131,0.225601378,0.103375039,0.110111817,4,0,
18.83371,0.237608418,0.225602106,0.099930439,0.106142622,4,0,
18.867044,0.238210451,0.225602221,0.096479003,0.102198338,4,0,
18.900378,0.237279208,0.225602243,0.092943847,0.098256605,4,0,
18.933712,0.235720797,0.225602312,0.089328879,0.094309436,4,0,
18.967046,0.235080903,0.225602742,0.085702379,0.090356933,4,0,
19.00038,0.236214052,0.225604919,0.082150371,0.086393107,4,0,
19.033714,0.238761548,0.225613612,0.078719051,0.0823909,4,0,
19.067048,0.241824594,0.225640858,0.075360863,0.078291471,4,0,
19.100382,0.244801075,0.225707227,0.071901595,0.073995645,4,0,
19.133716,0.247315894,0.22583077,0.068051718,0.069354144,5,0,
19.16705,0.248619776,0.226000559,0.063475947,0.06416699,5,0,
19.200384,0.247706095,0.226158148,0.057905625,0.05821477,5,0,
19.233718,0.244278389,0.226223481,0.051246492,0.051329257,5,0,
19.267052,0.23933005,0.226158148,0.0436269,0.043475009,5,0,
19.300386,0.234576507,0.226000559,0.035358929,0.034794114,5,0,
19.33372,0.23138783,0.22583077,0.026828214,0.025583126,5,0,
19.367054,0.230189038,0.225707227,0.018361316,0.016207489,5,0,
19.400388,0.230518938,0.225640858,0.010129188,0.006989066,5,0,
19.433722,0.231418181,0.225613612,0.002126188,-0.001886026,5,0,
19.467056,0.231966284,0.225604919,-0.005779661,-0.010401175,5,0,
19.50039,0.23184734,0.225602742,-0.01376757,-0.018674109,5,0,
19.533724,0.231555914,0.225602312,-0.021998526,-0.02687822,5,0,
19.567058,0.231960305,0.225602245,-0.030579332,-0.035166376,5,0,
19.600392,0.233532433,0.225602237,-0.039551236,-0.043631495,5,0,
19.633726,0.235849131,0.225602236,-0.048892146,-0.052307419,5,0,
19.66706,0.237726439,0.225602236,-0.058524253,-0.061190248,5,0,
19.700394,0.237965364,0.225602236,-0.068325431,-0.070255293,5,0,
19.733728,0.236238053,0.225602236,-0.078146443,-0.079455874,5,0,
19.767062,0.233335532,0.225602236,-0.087832892,-0.088709789,5,0,
19.800396,0.230497571,0.225602236,-0.097244453,-0.097892918,5,0,
19.83373,0.228523157,0.225602236,-0.106265978,-0.106853974,5,0,
19.867064,0.227487994,0.225602236,-0.114815833,-0.115444728,5,0,
19.900398,0.227069008,0.225602236,-0.122854847,-0.123547053,5,0,
19.933732,0.226936455,0.225602236,-0.130386293,-0.131083153,5,0,
19.967066,0.226903441,0.225602236,-0.137441097,-0.138009276,5,0,
20.0004,0.226896938,0.225602236,-0.144058119,-0.144302755,5,0,
20.033734,0.226895922,0.225602236,-0.150271539,-0.149953178,5,0,
20.067068,0.226895795,0.225602243,-0.156108254,-0.154964353,5,0,
20.100402,0.226895783,0.225602316,-0.161590909,-0.159366778,5,0,
20.133736,0.226895782,0.225602898,-0.166738277,-0.163230232,5,0,
20.16707,0.226895782,0.225606618,-0.171553193,-0.166658971,5,0,
20.200404,0.226895782,0.225625445,-0.175993121,-0.169760283,5,0,
20.233738,0.226895782,0.225700672,-0.179938306,-0.172600381,5,0,
20.267072,0.226895782,0.225936693,-0.183196162,-0.175177258,5,0,
20.300406,0.226895782,0.226513256,-0.185569215,-0.177428697,5,0,
20.33374,0.226895782,0.227594973,-0.186960088,-0.179265292,5,0,
20.367074,0.226895782,0.229116688,-0.187443858,-0.180601578,5,0,
20.400408,0.226895782,0.230647037,-0.187252186,-0.181365291,5,0,
20.433742,0.226895782,0.231620286,-0.186667114,-0.18148238,5,0,
20.467076,0.226895782,0.231815336,-0.185871043,-0.180848049,5,0,
20.50041,0.226895782,0.231497108,-0.184822921,-0.179300908,5,0,
20.533744,0.226895782,0.23099833,-0.183223769,-0.176622142,5,0,
20.567078,0.226895782,0.23033192,-0.180592381,-0.172574239,5,0,
20.600412,0.226895782,0.229356086,-0.176410689,-0.166966169,5,0,
20.633746,0.226895782,0.228151022,-0.170259754,-0.159704757,5,0,
20.66708,0.226895783,0.227031338,-0.161884191,-0.150796672,5,0,
20.700414,0.226895793,0.226252504,-0.151181645,-0.140304104,5,0,
20.733748,0.226895896,0.225840497,-0.138162805,-0.128296688,5,0,
20.767082,0.226896729,0.225672303,-0.122927982,-0.114845074,5,0,
20.800416,0.226902042,0.225618751,-0.105671735,-0.100062315,5,0,
20.83375,0.226928931,0.225605354,-0.086697539,-0.084153131,5,0,
20.867084,0.227036327,0.225602707,-0.066417093,-0.067420459,5,0,
20.900418,0.227372917,0.225602293,-0.045316247,-0.050211132,5,0,
20.933752,0.228192822,0.225602241,-0.02388899,-0.032826479,5,0,
20.967086,0.229719046,0.225602236,-0.002565889,-0.015445593,5,0,
21.00042,0.231816586,0.225602236,0.018329116,0.001897713,5,0,
21.033754,0.233763429,0.225602237,0.038580927,0.01927048,5,0,
21.067088,0.234570713,0.225602247,0.058060696,0.036751539,5,0,
21.100422,0.23376471,0.225602352,0.076701856,0.054345212,5,0,
21.133756,0.231823491,0.225603198,0.094481289,0.071937832,5,0,
21.16709,0.229748331,0.225608602,0.111392394,0.089302698,5,0,
21.200424,0.228292242,0.225635943,0.127397722,0.106129054,5,0,
21.233758,0.227643179,0.225745147,0.142372284,0.12205113,5,0,
21.267092,0.227624606,0.226087405,0.156069102,0.136672869,5,0,
21.300426,0.227954271,0.226921116,0.168135242,0.149596694,5,0,
21.33376,0.228333039,0.22847304,0.178179583,0.160464919,5,0,
21.367094,0.228495901,0.230605898,0.185860484,0.169014026,5,0,
21.400428,0.228326893,0.232585502,0.190954774,0.175129328,5,0,
21.433762,0.227921133,0.233406203,0.193399969,0.178881274,5,0,
21.467096,0.227484062,0.232585502,0.193326008,0.180528237,5,0,
21.50043,0.227166044,0.230605902,0.191076422,0.180478152,5,0,
21.533764,0.226995202,0.228473085,0.187189785,0.179212425,5,0,
21.567098,0.226925067,0.226921488,0.182314995,0.177190331,5,0,
21.600432,0.226902689,0.226089861,0.177072832,0.174763216,5,0,
21.633766,0.226897086,0.225758152,0.171917445,0.172127458,5,0,
21.6671,0.226895979,0.22569108,0.167058277,0.169330802,5,0,
21.700434,0.226895806,0.225795786,0.162472481,0.166323181,5,0,
21.733768,0.226895784,0.226112037,0.15799482,0.163025305,5,0,
21.767102,0.226895782,0.226709941,0.153438887,0.159386857,5,0,
21.800436,0.226895782,0.227532716,0.148694856,0.155417848,5,0,
21.83377,0.226895782,0.228296459,0.143769089,0.151191623,5,0,
21.867104,0.226895782,0.228613095,0.138764444,0.146827813,5,0,
21.900438,0.226895783,0.228296459,0.133824934,0.1424638,5,0,
21.933772,0.226895795,0.227532705,0.129074996,0.138218901,5,0,
21.967106,0.226895914,0.226709824,0.124577,0.134156758,5,0,
22.00044,0.226896882,0.226111075,0.120317766,0.130259364,5,0,
22.033774,0.226903082,0.22578942,0.116221762,0.12642949,5,0,
22.067108,0.226934622,0.225657373,0.112180573,0.122527576,5,0,
22.100442,0.22706143,0.22561524,0.108088304,0.118429384,5,0,
22.133776,0.227462272,0.225604692,0.103875345,0.114076797,5,0,
22.16711,0.228449757,0.225602607,0.099529887,0.109496639,5,0,
22.200444,0.230316461,0.225602281,0.095090752,0.104776264,5,0,
22.233778,0.23294088,0.22560224,0.09060316,0.100000093,5,0,
22.267112,0.23547723,0.225602236,0.08605597,0.095168668,5,0,
22.300446,0.236687734,0.225602236,0.081342262,0.090141747,5,0,
22.33378,0.235883692,0.225602236,0.076278043,0.084650859,5,0,
22.367114,0.233537905,0.225602239,0.070676234,0.078393829,5,0,
22.400448,0.230852291,0.22560227,0.064431327,0.071168082,5,0,
22.433782,0.228802638,0.22560252,0.057558102,0.062967599,6,0,
22.467116,0.227668,0.225604114,0.050157962,0.053988642,6,0,
22.50045,0.227275523,0.22561218,0.04233445,0.044541454,6,0,
22.533784,0.227458805,0.225644399,0.034111308,0.034913177,6,0,
22.567118,0.228278894,0.225745376,0.025403583,0.02525008,6,0,
22.600452,0.22988217,0.225991346,0.016056094,0.015513813,6,0,
22.633786,0.232097673,0.226449212,0.005921435,0.005523271,6,0,
22.66712,0.234155355,0.227078471,-0.00506487,-0.004947576,6,0,
22.700454,0.235008499,0.227662515,-0.016840214,-0.016061461,6,0,
22.733788,0.234155332,0.227904647,-0.029214222,-0.027841583,6,0,
22.767122,0.23209747,0.227662515,-0.041916567,-0.040157583,6,0,
22.800456,0.22988073,0.227078471,-0.054680116,-0.052779337,6,0,
22.83379,0.228270676,0.226449212,-0.067317266,-0.065470119,6,0,
22.867124,0.227420998,0.225991346,-0.079744173,-0.078068305,6,0,
22.900458,0.227135656,0.225745376,-0.091944337,-0.090514159,6,0,
22.933792,0.227253112,0.225644399,-0.103903889,-0.102812607,6,0,
22.967126,0.227820282,0.22561218,-0.115560728,-0.114962231,6,0,
23.00046,0.229008299,0.225604114,-0.126790399,-0.126897165,6,0,
23.033794,0.230823358,0.22560252,-0.137427489,-0.138473166,6,0,
23.067128,0.232807907,0.22560227,-0.147310779,-0.149498207,6,0,
23.100462,0.234103927,0.225602239,-0.156338547,-0.15978276,6,0,
23.133796,0.234017161,0.225602237,-0.1645109,-0.169179155,6,0,
23.16713,0.23259514,0.225602247,-0.171927476,-0.177592689,6,0,
23.200464,0.230572415,0.22560235,-0.178728895,-0.184966357,6,0,
23.233798,0.22872961,0.225603178,-0.185014278,-0.191256196,6,0,
23.267132,0.227336132,0.225608467,-0.190791366,-0.196422124,6,0,
23.300466,0.226121773,0.225635229,-0.195993178,-0.200449075,6,0,
23.3338,0.224667471,0.225742118,-0.20054071,-0.20338357,6,0,
23.367134,0.222890755,0.22607712,-0.204389713,-0.205347503,6,0,
23.400468,0.221284411,0.226893157,-0.207513724,-0.206500391,6,0,
23.433802,0.220621767,0.22841218,-0.209832315,-0.206955019,6,0,
23.467136,0.2212812,0.230499822,-0.211134971,-0.206680451,6,0,
23.50047,0.222872776,0.232437459,-0.211053234,-0.205442056,6,0,
23.533804,0.224587617,0.233240762,-0.209113486,-0.202829966,6,0,
23.567138,0.225835384,0.232437459,-0.204866528,-0.198392945,6,0,
23.600472,0.226505699,0.230499822,-0.198042313,-0.191823141,6,0,
23.633806,0.226780879,0.22841218,-0.188651068,-0.183087551,6,0,
23.66714,0.226868681,0.226893157,-0.176977096,-0.172430879,6,0,
23.700474,0.226890674,0.22607712,-0.163474646,-0.16026066,6,0,
23.733808,0.226895094,0.225742118,-0.148628798,-0.146993661,6,0,
23.767142,0.22689626,0.225635229,-0.132852068,-0.132946796,6,0,
23.800476,0.226898803,0.225608467,-0.11645177,-0.118311149,6,0,
23.83381,0.226908646,0.225603183,-0.099656454,-0.103190839,6,0,
23.867144,0.226939657,0.225602401,-0.082661362,-0.087654558,6,0,
23.900478,0.22701669,0.225602668,-0.065650981,-0.071760286,6,0,
23.933812,0.227169797,0.225605026,-0.048779882,-0.055552427,6,0,
23.967146,0.227430746,0.225617016,-0.032131274,-0.039052736,6,0,
24.00048,0.227885627,0.225665008,-0.015697322,-0.022266104,6,0,
24.033814,0.228827707,0.22581606,0.00058877,-0.00521294,6,0,
24.067148,0.230869286,0.226187492,0.016780634,0.012020896,6,0,
24.100482,0.23462936,0.226894379,0.032850088,0.029249233,6,0,
24.133816,0.239852017,0.227923232,0.04866316,0.046198185,6,0,
24.16715,0.244750418,0.229060694,0.064011778,0.062570377,6,0,
24.200484,0.246823393,0.230065103,0.078678899,0.07812955,6,0,
24.233818,0.244940115,0.231018217,0.092501028,0.092754234,6,0,
24.267152,0.240565902,0.232474201,0.105400336,0.106419539,6,0,
24.300486,0.236700403,0.235136865,0.11737016,0.119109626,6,0,
24.33382,0.235743595,0.239239577,0.128404683,0.13071374,6,0,
24.367154,0.238256518,0.244044262,0.138391052,0.140973239,6,0,
24.400488,0.242982763,0.247873191,0.147033447,0.149516062,6,0,
24.433822,0.247554667,0.248923167,0.153892467,0.155969065,6,0,
24.467156,0.249695152,0.246483768,0.158555786,0.160102116,6,0,
24.50049,0.2485171,0.24150122,0.160857834,0.161938758,6,0,
24.533824,0.24483779,0.235883183,0.161019032,0.161778685,6,0,
24.567158,0.240198529,0.231247083,0.159613509,0.160121096,6,0,
24.600492,0.235778973,0.228228597,0.157373927,0.157529434,6,0,
24.633826,0.232168343,0.226632366,0.154933509,0.154502161,6,0,
24.66716,0.229602611,0.225940153,0.152631633,0.151396339,6,0,
24.700494,0.228064801,0.225694094,0.150470158,0.148408175,6,0,
24.733828,0.227311811,0.225622747,0.148228455,0.145586129,6,0,
24.767162,0.227016215,0.22560597,0.145662004,0.142857804,6,0,
24.800496,0.226923932,0.225602787,0.142672721,0.140070174,6,0,
24.83383,0.226901074,0.225602301,0.139369187,0.137046868,6,0,
24.867164,0.22689658,0.225602242,0.136000169,0.133654019,6,0,
24.900498,0.226895878,0.225602236,0.132806661,0.129852513,6,0,
24.933832,0.226895791,0.225602236,0.129876749,0.125713053,6,0,
24.967166,0.226895782,0.225602236,0.127085805,0.121384697,6,0,
25.0005,0.226895782,0.225602236,0.12415559,0.117030913,6,0,
25.033834,0.226895782,0.225602236,0.120799413,0.112767067,6,0,
25.067168,0.226895782,0.225602236,0.116876688,0.108633364,6,0,
25.100502,0.226895782,0.225602236,0.112477721,0.104613646,6,0,
25.133836,0.226895782,0.225602236,0.107896081,0.100680126,6,0,
25.16717,0.226895782,0.225602236,0.103503402,0.096830204,6,0,
25.200504,0.226895782,0.225602236,0.099590271,0.093091899,6,0,
25.233838,0.226895783,0.225602236,0.096250496,0.089497273,6,0,
25.267172,0.226895794,0.225602236,0.093357039,0.086041823,6,0,
25.300506,0.226895909,0.225602236,0.090626321,0.082655144,6,0,
25.33384,0.22689683,0.225602236,0.08772875,0.079200825,6,0,
25.367174,0.226902714,0.225602236,0.084391978,0.075502905,6,0,
25.400508,0.226932485,0.225602236,0.080451411,0.071379464,6,0,
25.433842,0.227051396,0.225602236,0.075828877,0.066668119,7,0,
25.467176,0.227424074,0.225602236,0.070464842,0.061243987,7,0,
25.50051,0.228331886,0.225602236,0.064262196,0.055036572,7,0,
25.533844,0.230021746,0.225602236,0.057085524,0.048045061,7,0,
25.567178,0.232344174,0.225602245,0.048813246,0.040344406,7,0,
25.600512,0.234499728,0.225602332,0.03940802,0.032073945,7,0,
25.633846,0.235393374,0.225603031,0.028967007,0.023405757,7,0,
25.66718,0.234499728,0.225607495,0.017721651,0.014500057,7,0,
25.700514,0.232344174,0.225630081,0.005979555,0.005462737,7,0,
25.733848,0.230021746,0.225720293,-0.005961826,-0.003680794,7,0,
25.767182,0.228331886,0.226003026,-0.017882355,-0.012985288,7,0,
25.800516,0.227424074,0.226691741,-0.029657884,-0.022553285,7,0,
25.83385,0.227051396,0.227973758,-0.041233545,-0.032477628,7,0,
25.867184,0.226932487,0.229735676,-0.052582644,-0.042783591,7,0,
25.900518,0.22690273,0.231370993,-0.063688597,-0.053400509,7,0,
25.933852,0.226896961,0.23204896,-0.074560947,-0.064175703,7,0,
25.967186,0.226896775,0.231370993,-0.085259859,-0.074919056,7,0,
26.00052,0.226900381,0.229735676,-0.095896477,-0.085456081,7,0,
26.033854,0.226915229,0.227973758,-0.106601329,-0.095671116,7,0,
26.067188,0.226961799,0.226691741,-0.117476112,-0.105527054,7,0,
26.100522,0.227075243,0.226003026,-0.128549535,-0.115052456,7,0,
26.133856,0.227286416,0.225720293,-0.139753987,-0.124298888,7,0,
26.16719,0.227576636,0.225630081,-0.150931157,-0.133288387,7,0,
26.200524,0.227846003,0.225607495,-0.161861234,-0.141978948,7,0,
26.233858,0.227957677,0.225603031,-0.172299936,-0.150266261,7,0,
26.267192,0.227846003,0.225602332,-0.182012078,-0.158020587,7,0,
26.300526,0.227576636,0.225602245,-0.190804408,-0.165140451,7,0,
26.33386,0.227286416,0.225602236,-0.198559058,-0.171596077,7,0,
26.367194,0.227075243,0.225602236,-0.20525295,-0.177440051,7,0,
26.400528,0.226961799,0.225602236,-0.21094621,-0.182778859,7,0,
26.433862,0.226915228,0.225602236,-0.215737849,-0.187714996,7,0,
26.467196,0.226900368,0.225602236,-0.219698432,-0.192279,7,0,
26.50053,0.226896648,0.225602236,-0.222791778,-0.196372149,7,0,
26.533864,0.226895913,0.225602236,-0.224803628,-0.199732416,7,0,
26.567198,0.226895798,0.225602236,-0.22531365,-0.201934993,7,0,
26.600532,0.226895783,0.225602236,-0.223758201,-0.202450157,7,0,
26.633866,0.226895782,0.225602236,-0.219595927,-0.20076991,7,0,
26.6672,0.226895782,0.225602237,-0.212509964,-0.196562781,7,0,
26.700534,0.226895782,0.225602253,-0.202528984,-0.189771211,7,0,
26.733868,0.226895785,0.225602417,-0.189989676,-0.180587022,7,0,
26.767202,0.226895815,0.225603732,-0.175372617,-0.169322305,7,0,
26.800536,0.226896053,0.225612151,-0.15912355,-0.156263658,7,0,
26.83387,0.226897578,0.225654871,-0.141557786,-0.141596951,7,0,
26.867204,0.226905295,0.225826106,-0.122869414,-0.125431924,7,0,
26.900538,0.226936114,0.226365262,-0.103203372,-0.107894041,7,0,
26.933872,0.227032704,0.227686659,-0.082733657,-0.089219995,7,0,
26.967206,0.227267989,0.230167179,-0.061711384,-0.069799398,7,0,
27.00054,0.227705968,0.233619172,-0.040472268,-0.050137697,7,0,
27.033874,0.22830793,0.236896386,-0.019407704,-0.030757567,7,0,
27.067208,0.228866988,0.238371367,0.001091243,-0.012087791,7,0,
27.100542,0.229101689,0.237196811,0.020703721,0.005609768,7,0,
27.133876,0.22888979,0.234079929,0.039245713,0.022252614,7,0,
27.16721,0.228430875,0.230679547,0.056710653,0.037902727,7,0,
27.200544,0.228227395,0.228408886,0.073254266,0.052716659,7,0,
27.233878,0.229038187,0.227947246,0.089106914,0.066902921,7,0,
27.267212,0.231844792,0.22953595,0.104439977,0.080681799,7,0,
27.300546,0.237410575,0.233117841,0.119249665,0.094229881,7,0,
27.33388,0.245161741,0.23787361,0.133313842,0.10760832,7,0,
27.367214,0.252376916,0.241930088,0.146235572,0.12069852,7,0,
27.400548,0.25537044,0.243264172,0.157549418,0.133176178,7,0,
27.433882,0.252379765,0.241386261,0.166848909,0.144545229,7,0,
27.467216,0.245177105,0.237980038,0.173889101,0.154234994,7,0,
27.50055,0.237475735,0.23554516,0.178627958,0.161736688,7,0,
27.533884,0.232066005,0.235312174,0.181199042,0.166732277,7,0,
27.567218,0.22963953,0.236406497,0.181842429,0.169171715,7,0,
27.600552,0.229536337,0.236880222,0.180834808,0.169280221,7,0,
27.633886,0.230712292,0.235508912,0.178445719,0.167502321,7,0,
27.66722,0.232073806,0.232665972,0.174927162,0.164403806,7,0,
27.700554,0.232659904,0.2296498,0.170532431,0.16055804,7,0,
27.733888,0.232051004,0.227461109,0.165546312,0.156443985,7,0,
27.767222,0.230589347,0.22628599,0.160294418,0.1523824,7,0,
27.800556,0.22901491,0.225803638,0.155105673,0.148525831,7,0,
27.83389,0.227869332,0.225649739,0.150234407,0.144895331,7,0,
27.867224,0.227253917,0.225611207,0.14578453,0.141437693,7,0,
27.900558,0.227001274,0.225603592,0.141686851,0.138075833,7,0,
27.933892,0.226920664,0.2256024,0.137753192,0.13474104,7,0,
27.967226,0.226900481,0.225602252,0.133786566,0.131391698,7,0,
28.00056,0.226896492,0.225602237,0.129692014,0.128022746,7,0,
28.033894,0.226895868,0.225602236,0.125528189,0.124661351,7,0,
28.067228,0.22689579,0.225602236,0.12147134,0.121345229,7,0,
28.100562,0.226895782,0.225602236,0.117713705,0.118091274,7,0,
28.133896,0.226895782,0.225602236,0.114353905,0.114870891,7,0,
28.16723,0.226895782,0.225602236,0.111337042,0.11160696,7,0,
28.200564,0.226895782,0.225602236,0.108472974,0.108196782,7,0,
28.233898,0.226895782,0.225602236,0.105521507,0.104551028,7,0,
28.267232,0.226895782,0.225602236,0.102300478,0.100628824,7,0,
28.300566,0.226895791,0.225602236,0.098760485,0.096450668,7,0,
28.3339,0.226895876,0.22560224,0.094986952,0.092082914,7,0,
28.367234,0.226896558,0.225602279,0.091130168,0.087601243,7,0,
28.400568,0.226900915,0.225602593,0.087304786,0.083049782,7,0,
28.433902,0.226922963,0.225604602,0.08351652,0.078416605,7,0,
28.467236,0.227011024,0.225614763,0.079653568,0.073640767,7,0,
28.50057,0.227287017,0.225655347,0.075537737,0.068646393,7,0,
28.533904,0.227959312,0.225782544,0.070997748,0.063377825,7,0,
28.567238,0.229210767,0.226092384,0.065924183,0.057809111,7,0,
28.600572,0.230930679,0.22666914,0.06028542,0.051924091,8,0,
28.633906,0.23252701,0.227461795,0.054108603,0.045687946,8,0,
28.66724,0.233188814,0.228197493,0.04744433,0.039035863,8,0,
28.700574,0.232526998,0.22850249,0.040334953,0.031889568,8,0,
28.733908,0.23093055,0.228197398,0.03280057,0.024192698,8,0,
28.767242,0.229209697,0.227460999,0.024845594,0.01594424,8,0,
28.800576,0.227952241,0.226663881,0.016474761,0.00721006,8,0,
28.83391,0.227249576,0.226064539,0.007702444,-0.001895385,8,0,
28.867244,0.226852283,0.225664487,-0.001453449,-0.011248109,8,0,
28.900578,0.226384056,0.225254557,-0.010989605,-0.020754202,8,0,
28.933912,0.225435955,0.224525258,-0.020931666,-0.030370105,8,0,
28.967246,0.223707782,0.223233079,-0.031324793,-0.040093655,8,0,
29.00058,0.221338006,0.221469153,-0.042192885,-0.049931424,8,0,
29.033914,0.219139056,0.219833522,-0.053483109,-0.05986262,8,0,
29.067248,0.218227445,0.219155515,-0.065033207,-0.069823567,8,0,
29.100582,0.219139047,0.219833479,-0.076599144,-0.079724441,8,0,
29.133916,0.221337912,0.221468796,-0.087950074,-0.089490309,8,0,
29.16725,0.223707006,0.223230714,-0.098987904,-0.099104317,8,0,
29.200584,0.225430821,0.224512737,-0.109814115,-0.108626295,8,0,
29.233918,0.226356874,0.225201515,-0.120683172,-0.11816686,8,0,
29.267252,0.226737041,0.225484768,-0.131849452,-0.127819063,8,0,
29.300586,0.226858339,0.22557841,-0.143388877,-0.137580595,8,0,
29.33392,0.226888685,0.225619081,-0.155099693,-0.147315331,8,0,
29.367254,0.226894444,0.225699464,-0.166538448,-0.156781178,8,0,
29.400588,0.226893409,0.225952919,-0.177166553,-0.165704717,8,0,
29.433922,0.226880716,0.226615097,-0.186524137,-0.173855483,8,0,
29.467256,0.226814623,0.227957862,-0.194343051,-0.181086012,8,0,
29.50059,0.226544008,0.22998845,-0.200563118,-0.18733571,8,0,
29.533924,0.225668961,0.232031677,-0.205280147,-0.192616484,8,0,
29.567258,0.223450165,0.232664172,-0.20867534,-0.196995734,8,0,
29.600592,0.219094956,0.230415294,-0.210957025,-0.200577555,8,0,
29.633926,0.212644687,0.2249598,-0.212321827,-0.203475333,8,0,
29.66726,0.20586547,0.21785792,-0.212927207,-0.205775759,8,0,
29.700594,0.20180143,0.212013627,-0.212862499,-0.207501634,8,0,
29.733928,0.202660841,0.209949311,-0.212113576,-0.208578154,8,0,
29.767262,0.207938446,0.212133427,-0.21053836,-0.208809947,8,0,
29.800596,0.214878145,0.216826469,-0.207891798,-0.207896445,8,0,
29.83393,0.220720079,0.221549978,-0.203924884,-0.205519049,8,0,
29.867264,0.22432321,0.224713983,-0.19852571,-0.201485848,8,0,
29.900598,0.226027474,0.226104401,-0.191816708,-0.195849787,8,0,
29.933932,0.226659292,0.226333545,-0.18412611,-0.188903017,8,0,
29.967266,0.226849395,0.226107389,-0.175828799,-0.181023629,8,0,
30.0006,0.226918894,0.225850156,-0.167150953,-0.172456537,8,0,
30.033934,0.227032249,0.225695795,-0.158065768,-0.163163454,8,0,
30.067268,0.227363524,0.225630076,-0.14833905,-0.152834299,8,0,
30.100602,0.228167719,0.225608829,-0.137673692,-0.141043131,8,0,
30.133936,0.229664593,0.225603483,-0.125846851,-0.127439752,8,0,
30.16727,0.23172297,0.225602426,-0.112772577,-0.111867351,8,0,
30.200604,0.233641304,0.225602283,-0.098500383,-0.094373402,8,0,
30.233938,0.234479323,0.225602494,-0.083195836,-0.07515195,8,0,
30.267272,0.233873688,0.22560435,-0.067127987,-0.054468899,8,0,
30.300606,0.232547025,0.225616216,-0.050653493,-0.032601101,8,0,
30.33394,0.231908888,0.225676257,-0.034177525,-0.009804729,8,0,
30.367274,0.233052761,0.225916066,-0.018091306,0.013676469,8,0,
30.400608,0.235874529,0.226667656,-0.002706966,0.037563688,8,0,
30.433942,0.23889291,0.228498465,0.011790288,0.061477581,8,0,
30.467276,0.240102062,0.231906452,0.02536173,0.084887703,8,0,
30.50061,0.23842112,0.236590155,0.038094775,0.107102834,8,0,
30.533944,0.234418784,0.240937317,0.050135237,0.127318719,8,0,
30.567278,0.229618932,0.242739558,0.061593285,0.144736839,8,0,
30.600612,0.225370508,0.240937317,0.072473627,0.158745783,8,0,
30.633946,0.222457396,0.236590156,0.082668807,0.1691038,8,0,
30.66728,0.221238077,0.231906456,0.092013293,0.176023659,8,0,
30.700614,0.221576542,0.228498506,0.100372911,0.180094801,8,0,
30.733948,0.222646078,0.226668001,0.107744879,0.182072667,8,0,
30.767282,0.223067583,0.225918407,0.114339985,0.182646285,8,0,
30.800616,0.221370467,0.225689066,0.120607809,0.182295228,8,0,
30.83395,0.216665626,0.225672739,0.127171001,0.181273004,8,0,
30.867284,0.209594506,0.225805641,0.134666777,0.179676557,8,0,
30.900618,0.202874444,0.22618159,0.143539749,0.177537706,8,0,
30.933952,0.200074941,0.226949526,0.153862602,0.174894326,8,0,
30.967286,0.202899112,0.228139263,0.165253414,0.171824283,8,0,
31.00062,0.209702078,0.229472079,0.176910931,0.168437831,8,0,
31.033954,0.217031096,0.230386168,0.187747882,0.164839841,8,0,
31.067288,0.222363835,0.230396334,0.196604671,0.161092267,8,0,
31.100622,0.225228639,0.229496601,0.202530045,0.157208312,8,0,
31.133956,0.226404708,0.228165683,0.205066651,0.153186647,8,0,
31.16729,0.226779963,0.226968726,0.20441901,0.149063966,8,0,
31.200624,0.226873991,0.226191662,0.201396182,0.144946409,8,0,
31.233958,0.226893177,0.225807767,0.197124381,0.140986818,8,0,
31.267292,0.226900109,0.225660112,0.192649072,0.13730886,8,0,
31.300626,0.226921257,0.225615383,0.188608188,0.133923557,8,0,
31.33396,0.227006507,0.225604643,0.185116567,0.130699896,8,0,
31.367294,0.227282525,0.22560259,0.181888321,0.127418265,8,0,
31.400628,0.227983879,0.225602278,0.178508732,0.123879947,8,0,
31.433962,0.229364219,0.22560224,0.174705108,0.120010506,8,0,
31.467296,0.231415761,0.225602236,0.170483443,0.115899317,8,0,
31.50063,0.233583309,0.225602236,0.166084096,0.111755113,8,0,
31.533964,0.234898621,0.225602236,0.161810612,0.107804715,8,0,
31.567298,0.234648588,0.225602236,0.157842524,0.104190419,8,0,
31.600632,0.232980221,0.225602244,0.154135807,0.100916554,8,0,
31.633966,0.23076616,0.22560232,0.15045841,0.097866677,8,0,
31.6673,0.228893027,0.225602933,0.146532377,0.094877871,8,0,
31.700634,0.22774057,0.225606844,0.142195748,0.091831983,8,0,
31.733968,0.227234804,0.225626638,0.137488715,0.088715215,8,0,
31.767302,0.22721264,0.225705694,0.132615539,0.085613374,9,0,
31.800636,0.227723299,0.225953465,0.12780818,0.082644482,9,0,
31.83397,0.229088939,0.226557014,0.123172565,0.079864018,9,0,
31.867304,0.231609394,0.227680499,0.118601165,0.077191882,9,0,
31.900638,0.234927346,0.229224539,0.113789468,0.074398713,9,0,
31.933972,0.237606078,0.230657635,0.108333453,0.071159234,9,0,
31.967306,0.237776883,0.231251766,0.101852308,0.067145438,9,0,
32.00064,0.234728172,0.230657635,0.094089941,0.062110887,9,0,
32.033974,0.229830308,0.229224539,0.084973935,0.055926804,9,0,
32.067308,0.225568617,0.227680499,0.074624234,0.048567383,9,0,
32.100642,0.223670139,0.226557014,0.063309351,0.040072865,9,0,
32.133976,0.224293628,0.225953465,0.051355341,0.030519853,9,0,
32.16731,0.226656369,0.225705694,0.039025771,0.0200115,9,0,
32.200644,0.229777129,0.225626638,0.026418258,0.00868522,9,0,
32.233978,0.232505104,0.225606844,0.013442462,-0.003274755,9,0,
32.267312,0.233419122,0.225602933,-8.87E-05,-0.015637494,9,0,
32.300646,0.231157164,0.22560232,-0.014295672,-0.028151033,9,0,
32.33398,0.224799533,0.225602244,-0.029092068,-0.040591715,9,0,
32.367314,0.214221918,0.225602236,-0.044163288,-0.05281508,9,0,
32.400648,0.201080836,0.225602236,-0.059087717,-0.064776286,9,0,
32.433982,0.189747894,0.225602236,-0.073527892,-0.076503954,9,0,
32.467316,0.185778764,0.225602236,-0.087370197,-0.088041645,9,8,
32.50065,0.19178446,0.225602236,-0.100730405,-0.09938912,9,8,
32.533984,0.204824125,0.225602236,-0.113834384,-0.110471401,9,8,
32.567318,0.21856338,0.225602236,-0.126858446,-0.121146518,9,8,
32.600652,0.227910644,0.225602236,-0.139822514,-0.131243431,9,8,
32.633986,0.231602959,0.22560224,-0.152580424,-0.140607867,9,8,
32.66732,0.231387667,0.225602286,-0.164888153,-0.149133537,9,8,
32.700654,0.229737135,0.225602713,-0.176495364,-0.156771262,9,8,
32.733988,0.228252856,0.225605863,-0.187213015,-0.163523962,9,8,
32.767322,0.227414923,0.225624578,-0.196936926,-0.169435024,9,8,
32.800656,0.227115119,0.225713561,-0.205632045,-0.174571851,9,8,
32.83399,0.227224853,0.226050561,-0.213299685,-0.179012938,9,8,
32.867324,0.227895998,0.227059913,-0.2199534,-0.182851909,9,0,
32.900658,0.229580265,0.229424731,-0.225615901,-0.186215163,9,0,
32.933992,0.232663722,0.233678569,-0.230329915,-0.18926696,9,0,
32.967326,0.236700005,0.239338213,-0.234163351,-0.192179152,9,0,
33.00066,0.239902528,0.244391907,-0.237192989,-0.195071623,9,0,
33.033994,0.239958998,0.246259496,-0.239469743,-0.197952963,9,0,
33.067328,0.236019357,0.243843006,-0.240984037,-0.200689963,9,0,
33.100662,0.229852039,0.238532186,-0.241646009,-0.203014947,9,0,
33.133996,0.224590085,0.232957034,-0.241281282,-0.204558697,9,4,
33.16733,0.222255659,0.228962209,-0.239638838,-0.204893591,9,4,
33.200664,0.222623899,0.226857537,-0.236416853,-0.203589645,9,4,
33.233998,0.224170677,0.226087225,-0.231318168,-0.200294358,9,4,
33.267332,0.225602356,0.226136604,-0.224129564,-0.194822268,9,4,
33.300666,0.226502181,0.22692547,-0.214788079,-0.187209545,9,4,
33.334,0.227075542,0.228680098,-0.20339239,-0.177695582,9,4,
33.367334,0.227695254,0.231463025,-0.190153764,-0.16663432,9,4,
33.400668,0.228605163,0.234651761,-0.175322477,-0.154376321,9,4,
33.434002,0.229744955,0.236921409,-0.159132504,-0.141178784,9,4,
33.467336,0.230716478,0.237033279,-0.141786301,-0.127187156,9,4,
33.50067,0.231027756,0.234764612,-0.123476054,-0.112485223,9,4,
33.534004,0.230508354,0.230898413,-0.104417107,-0.097160176,9,4,
33.567338,0.229495145,0.226272075,-0.084861769,-0.081321939,9,4,
33.600672,0.228596957,0.221151291,-0.06507299,-0.065059173,9,4,
33.634006,0.228320968,0.215787844,-0.045264591,-0.048368737,9,4,
33.66734,0.228875128,0.211326779,-0.025546585,-0.031117104,9,4,
33.700674,0.2301308,0.209517912,-0.005919637,-0.013070032,9,4,
33.734008,0.231699256,0.211185432,0.013673246,0.006011848,9,0,
33.767342,0.233279827,0.215268751,0.033267299,0.026236434,9,0,
33.800676,0.235166037,0.219673077,0.052795141,0.047435056,9,0,
33.83401,0.238176309,0.222878272,0.072004554,0.069055021,9,0,
33.867344,0.242545555,0.224600182,0.09038145,0.090150895,9,0,
33.900678,0.246802847,0.22530707,0.10713467,0.10951905,9,0,
33.934012,0.248378606,0.225532617,0.121321626,0.125962038,9,0,
33.967346,0.245831427,0.225589087,0.132123556,0.138602338,9,0,
34.00068,0.240228646,0.225600247,0.139161942,0.147127938,9,0,
34.034014,0.234058007,0.225601995,0.142686609,0.151863481,9,0,
34.067348,0.229150266,0.225602212,0.14350939,0.153622435,9,0,
34.100682,0.225922902,0.225602234,0.14268735,0.153394142,9,0,
34.134016,0.22409433,0.225602236,0.141110789,0.152008441,9,0,
34.16735,0.223424615,0.225602236,0.139218061,0.149932763,9,0,
34.200684,0.223725358,0.225602236,0.136977627,0.147272227,9,0,
34.234018,0.22461438,0.225602236,0.134105454,0.143926778,9,0,
34.267352,0.225585671,0.225602236,0.13035606,0.139793153,9,0,
34.300686,0.226293788,0.225602236,0.125721291,0.134907391,9,0,
34.33402,0.22667432,0.225602236,0.12046238,0.129477629,9,0,
34.367354,0.226830547,0.225602236,0.115003084,0.123817856,9,0,
34.400688,0.226880395,0.225602236,0.10976679,0.118234204,9,0,
34.434022,0.226892876,0.225602236,0.105039689,0.112926132,9,0,
34.467356,0.226895343,0.225602236,0.100907477,0.107945953,9,0,
34.50069,0.226895734,0.225602236,0.097270999,0.103222378,9,0,
34.534024,0.226895833,0.225602236,0.093915865,0.098622478,9,0,
34.567358,0.226896246,0.225602236,0.090602129,0.094018159,9,0,
34.600692,0.226898861,0.225602236,0.087145235,0.089331828,9,0,
34.634026,0.226912112,0.225602236,0.083466309,0.084550918,9,0,
34.66736,0.226965194,0.225602242,0.079600214,0.079716672,9,0,
34.700694,0.227132395,0.225602306,0.075666565,0.074902332,9,0,
34.734028,0.227543281,0.225602814,0.071822475,0.070193611,9,0,
34.767362,0.228321114,0.225606068,0.068216904,0.065673671,9,0,
34.800696,0.229430566,0.225622599,0.064956327,0.061407303,9,0,
34.83403,0.230574423,0.225689053,0.062080716,0.057422456,9,0,
34.867364,0.231360791,0.225899665,0.059549205,0.053696927,9,0,
34.900698,0.23169256,0.226423087,0.057245127,0.050161975,9,0,
34.934032,0.231948531,0.227435584,0.05501202,0.046727197,9,0,
34.967366,0.232668272,0.228945639,0.0527145,0.043318028,9,0,
35.0007,0.234085721,0.230670043,0.050295995,0.039909007,9,0,
35.034034,0.236073666,0.232213081,0.047801834,0.036536975,9,0,
35.067368,0.238441459,0.233476289,0.045353869,0.03328613,9,0,
35.100702,0.240981292,0.234781743,0.043088089,0.030249091,9,0,
35.134036,0.243154064,0.236404307,0.041084422,0.027480852,9,0,
35.16737,0.244114201,0.238048231,0.039319522,0.024966056,10,0,
35.200704,0.243412929,0.239101238,0.037660537,0.022611535,10,0,
35.234038,0.241652245,0.239563044,0.035898955,0.020264601,10,0,
35.267372,0.240329949,0.240488412,0.033808422,0.017749836,10,0,
35.300706,0.240955408,0.243164754,0.031206194,0.014913114,10,0,
35.33404,0.243898668,0.247670736,0.028002995,0.011662003,10,0,
35.367374,0.247651653,0.252223592,0.024233006,0.007994418,10,0,
35.400708,0.249482016,0.254144098,0.02005903,0.004007771,10,0,
35.434042,0.247448255,0.251815783,0.015748656,-0.000117817,10,0,
35.467376,0.241899468,0.245861753,0.011620624,-0.004160564,10,0,
35.50071,0.234913939,0.238449813,0.007967561,-0.007911197,10,0,
35.534044,0.228601982,0.23165572,0.004970737,-0.011224876,10,0,
35.567378,0.224148653,0.226543262,0.002635759,-0.014053024,10,0,
35.600712,0.221964467,0.223354111,0.000785139,-0.016438587,10,0,
35.634046,0.222114912,0.221976068,-0.00087486,-0.018473912,10,0,
35.66738,0.224433654,0.222053599,-0.002636979,-0.020245951,10,0,
35.700714,0.228033861,0.222938581,-0.004683322,-0.021805118,10,0,
35.734048,0.230354647,0.223865358,-0.007040525,-0.023175372,10,0,
35.767382,0.227353182,0.224265957,-0.009617803,-0.024388471,10,0,
35.800716,0.216671807,0.22394238,-0.012294048,-0.025508363,10,0,
35.83405,0.20166436,0.223078705,-0.014993358,-0.026624752,10,0,
35.867384,0.190587878,0.222176332,-0.017702859,-0.02781984,10,0,
35.900718,0.189848488,0.221838296,-0.020431622,-0.029128788,10,0,
35.934052,0.198507843,0.222438157,-0.023154935,-0.030517131,10,0,
35.967386,0.210229648,0.224001996,-0.025794747,-0.031889438,10,0,
36.00072,0.219380495,0.226407106,-0.028249892,-0.033127179,10,0,
36.034054,0.224252907,0.229372247,-0.030447675,-0.034137483,10,0,
36.067388,0.225805241,0.231866566,-0.032374491,-0.034887594,10,0,
36.100722,0.225186316,0.231953665,-0.034063246,-0.03540858,10,0,
36.134056,0.222767165,0.228785307,-0.035551115,-0.035771247,10,0,
36.16739,0.219143326,0.225539719,-0.036840159,-0.03605164,10,0,
36.200724,0.216947173,0.227532614,-0.037887029,-0.036304062,10,0,
36.234058,0.220235404,0.233467265,-0.03863136,-0.036551588,10,0,
36.267392,0.228495021,0.232574638,-0.039049127,-0.036794743,10,0,
36.300726,0.231529585,0.221451541,-0.039194623,-0.037030817,10,0,
36.33406,0.220686122,0.220496966,-0.039197207,-0.037271832,10,0,
36.367394,0.211138738,0.249307536,-0.039210272,-0.03754933,10,0,
36.400728,0.231540335,0.279697439,-0.03933978,-0.037893871,10,0,
36.434062,0.270658544,0.250645138,-0.039583177,-0.038277042,10,0,
36.467396,0.269100573,0.153536188,-0.03979899,-0.038529831,10,1,
36.50073,0.205963791,0.059869461,-0.039731465,-0.038314283,10,1,
36.534064,0.147421605,0.027476044,-0.039114182,-0.03724468,10,1,
36.567398,0.153208633,0.032768117,-0.03782429,-0.035140743,10,1,
36.600732,0.192685741,0.046888116,-0.035986808,-0.032237603,10,1,
36.634066,0.210437774,0.09835164,-0.033934596,-0.029166618,10,1,
36.6674,0.206933909,0.17938882,-0.032032942,-0.026681559,10,0,
36.700734,0.204272633,0.198853216,-0.030486243,-0.025276366,10,0,
36.734068,0.198805817,0.136400294,-0.029262886,-0.02490598,10,1,
36.767402,0.186919713,0.108433037,-0.028189012,-0.024984595,10,1,
36.800736,0.186379474,0.167354464,-0.02713979,-0.024700657,10,0,
36.83407,0.205576299,0.203954805,-0.026185352,-0.023474509,10,0,
36.867404,0.223287285,0.15799752,-0.025572184,-0.021259819,10,1,
36.900738,0.21545677,0.129220147,-0.025530086,-0.018515169,10,1,
36.934072,0.187287975,0.175647408,-0.026033866,-0.01592559,10,0,
36.967406,0.168698117,0.207591118,-0.026713986,-0.014072425,10,0,
37.00074,0.180189851,0.1741684,-0.027014604,-0.013191875,10,0,
37.034074,0.208151096,0.154717493,-0.026498387,-0.013087788,10,1,
37.067408,0.220348322,0.194232076,-0.025081113,-0.013234186,10,0,
37.100742,0.206109643,0.230473116,-0.023047535,-0.013035958,10,0,
37.134076,0.189006878,0.225996734,-0.020861212,-0.01211114,10,0,
37.16741,0.193728624,0.218994265,-0.018894764,-0.010432997,10,0,
37.200744,0.214687029,0.228217441,-0.017235572,-0.008268452,10,0,
37.234078,0.228558169,0.226652694,-0.015678623,-0.005983672,10,0,
37.267412,0.225810122,0.210188862,-0.013901828,-0.003854969,10,0,
37.300746,0.216575603,0.207614186,-0.011692358,-0.001986879,10,0,
37.33408,0.212616603,0.225603533,-0.009070829,-0.000344987,10,0,
37.367414,0.21550735,0.239177943,-0.006256482,0.00115742,10,0,
37.400748,0.220590632,0.233546975,-0.003529386,0.002585771,10,0,
37.434082,0.224302645,0.220691232,-0.00109158,0.00395799,10,0,
37.467416,0.226077714,0.216122668,0.000998155,0.00526176,10,0,
37.50075,0.226694378,0.220758592,0.002802341,0.006486771,10,0,
37.534084,0.226856701,0.226883098,0.004432339,0.007641803,10,0,
37.567418,0.226889769,0.229677675,0.00597726,0.008745482,10,0,
37.600752,0.226895046,0.229567567,0.00746903,0.009803705,10,0,
37.634086,0.22689571,0.228578404,0.008888326,0.010795979,10,0,
37.66742,0.226895776,0.227750309,0.010194143,0.011681462,10,0,
37.700754,0.226895781,0.227139007,0.011354794,0.012418815,10,0,
37.734088,0.226895782,0.226607599,0.012364965,0.012987062,10,0,
37.767422,0.226895782,0.226160482,0.013244017,0.013396595,10,0,
37.800756,0.226895782,0.225855853,0.0140209,0.013684716,10,0,
37.83409,0.226895782,0.225695186,0.014716849,0.013898127,10,0,
37.867424,0.226895782,0.225629581,0.015336233,0.014072377,10,0,
37.900758,0.226895782,0.225608683,0.015869423,0.014219846,10,0,
37.934092,0.226895782,0.225603453,0.01630293,0.014331914,10,0,
37.967426,0.226895782,0.22560242,0.016627963,0.014391823,10,0,
38.00076,0.226895782,0.225602258,0.016842448,0.014388759,10,0,
38.034094,0.226895782,0.225602238,0.016947921,0.014324389,10,0,
38.067428,0.226895782,0.225602236,0.016945408,0.014209274,10,0,
38.100762,0.226895782,0.225602236,0.016833818,0.014053455,10,0,
38.134096,0.226895782,0.225602236,0.016611583,0.013858124,10,0,
38.16743,0.226895782,0.225602236,0.016278986,0.013613105,10,0,
38.200764,0.226895782,0.225602236,0.015838086,0.013301037,10,0,
38.234098,0.226895782,0.225602236,0.015290868,0.012905769,10,0,
38.267432,0.226895782,0.225602236,0.014639812,0.012420453,10,0,
38.300766,0.226895782,0.225602236,0.013892487,0.011850798,10,0,
38.3341,0.226895782,0.225602236,0.013065416,0.011211415,10,0,
38.367434,0.226895782,0.225602236,0.012181688,0.010517746,10,0,
38.400768,0.226895782,0.225602236,0.01126354,0.009779714,10,0,
38.434102,0.226895782,0.225602236,0.010326115,0.009001585,10,0,
38.467436,0.226895782,0.225602236,0.009375992,0.008186477,10,0,
38.50077,0.226895782,0.225602236,0.008413028,0.007339624,10,0,
38.534104,0.226895782,0.225602236,0.007433248,0.006466041,10,0,
38.567438,0.226895782,0.225602236,0.006432607,0.005564754,10,0,
38.600772,0.226895782,0.225602236,0.005411588,0.004626972,10,0,
38.634106,0.226895782,0.225602236,0.004378137,0.003643207,10,0,
38.66744,0.226895782,0.225602236,0.003345925,0.00261536,10,0,
38.700774,0.226895782,0.225602236,0.002328695,0.001563931,10,0,
38.734108,0.226895782,0.225602236,0.001335778,0.000524724,10,0,
38.767442,0.226895782,0.225602236,0.000372832,-0.000461538,10,0,
